FlightID,Airline,OriginAirport,DestinationAirport,Date,DepartureDelay,ArrivalDelay,Dis
F002,United,ORD,SFO,2023-01-05,45,50,1846
F004,American,DFW,LAX,2023-01-06,60,55,1235
F007,United,SFO,JFK,2023-01-08,75,80,2586
F010,Delta,LAX,JFK,2023-01-09,90,85,2475
F013,Southwest,LAX,SFO,2023-01-11,40,35,337
F015,United,LAX,SEA,2023-01-12,60,55,954
F020,American,LAX,DFW,2023-01-14,50,45,1235
F024,American,JFK,MIA,2023-01-16,65,60,1090
F026,Delta,LAX,ATL,2023-01-17,55,50,1946
F030,Delta,JFK,LAX,2023-01-19,80,75,2475
F031,United,ORD,SEA,2023-01-20,40,35,1721
F035,United,SFO,JFK,2023-01-22,70,65,2586
F039,United,ORD,LAX,2023-01-24,50,45,1744
F042,Delta,LAX,JFK,2023-01-25,100,95,2475
F046,Delta,JFK,DFW,2023-01-27,45,50,1391
F048,American,LAX,JFK,2023-01-28,85,80,2475
