FlightID,Airline,OriginAirport,DestinationAirport,Date,DepartureDelay,ArrivalDelay,Dis
F001,Delta,JFK,LAX,2023-01-05,15,10,2475
F003,Delta,ATL,MIA,2023-01-06,-5,0,595
F006,Delta,JFK,ORD,2023-01-07,25,20,740
F010,Delta,LAX,JFK,2023-01-09,90,85,2475
F014,Delta,JFK,BOS,2023-01-11,-10,-5,187
F018,Delta,ATL,LAX,2023-01-13,35,30,1946
F022,Delta,BOS,JFK,2023-01-15,5,0,187
F026,Delta,LAX,ATL,2023-01-17,55,50,1946
F030,Delta,JFK,LAX,2023-01-19,80,75,2475
F034,Delta,BOS,ATL,2023-01-21,0,-5,946
F038,Delta,ATL,MIA,2023-01-23,10,15,595
F042,Delta,LAX,JFK,2023-01-25,100,95,2475
F046,Delta,JFK,DFW,2023-01-27,45,50,1391
F050,Delta,ATL,LAX,2023-01-29,20,15,1946
