OriginAirport,DestinationAirport,AverageArrivalDelay,TotalFlights
ATL,LAX,22.5,2
ATL,MIA,7.5,2
ATL,ORD,25.0,1
ATL,SFO,30.0,1
BOS,ATL,-5.0,1
BOS,JFK,0.0,1
DFW,JFK,25.0,1
DFW,LAX,42.5,2
DFW,SEA,15.0,1
JFK,BOS,-5.0,1
JFK,DFW,50.0,1
JFK,LAX,42.5,2
JFK,MIA,60.0,1
JFK,ORD,22.5,2
JFK,SFO,25.0,1
LAS,LAX,7.5,2
LAS,PHX,-2.5,2
LAX,ATL,50.0,1
LAX,DFW,45.0,1
LAX,JFK,86.66666666666667,3
LAX,LAS,2.5,2
LAX,PHX,0.0,1
LAX,SEA,55.0,1
LAX,SFO,30.0,2
MIA,DFW,10.0,1
MIA,LAX,20.0,1
MIA,ORD,10.0,1
ORD,ATL,15.0,1
ORD,LAX,30.0,2
ORD,SEA,35.0,1
ORD,SFO,50.0,1
PHX,LAS,0.0,1
PHX,LAX,10.0,1
SEA,ORD,10.0,1
SFO,JFK,72.5,2
SFO,LAX,30.0,1
SFO,ORD,20.0,1
